Name,Win,Loss,Num,Color,CMC,Type,Win %,Win %/Arch %
Upheaval,127,84,27,U,6.0,Sorcery,0.6018957345971564,1.1674904780259363
Balance,100,83,25,W,2.0,Sorcery,0.546448087431694,1.1626755960057107
Reanimate,112,99,28,B,1.0,Sorcery,0.5308056872037915,1.1558361523709217
Wrath of God,90,77,24,W,4.0,Sorcery,0.5389221556886228,1.1487117679602767
Cryptic Command,105,91,28,U,4.0,Instant,0.5357142857142857,1.143912888358945
Burst Lightning,135,84,26,R,1.0,Instant,0.6164383561643836,1.1367773747898848
Control Magic,112,95,28,U,4.0,Enchantment,0.5410628019323671,1.1329270915246323
Fireblast,124,68,24,R,6.0,Instant,0.6458333333333334,1.1313218390804598
Spell Pierce,116,101,30,U,1.0,Instant,0.5345622119815668,1.1253929179055302
Force of Will,126,112,33,U,5.0,Instant,0.5294117647058824,1.124613003090127
Memory Lapse,139,123,35,U,2.0,Instant,0.5305343511450382,1.122152786622464
"Narset, Parter of Veils",90,84,22,U,3.0,Planeswalker,0.5172413793103449,1.120133147580226
Walking Ballista,116,89,26,,0.0,Creature,0.5658536585365853,1.1162214647773008
Sylvan Library,201,134,44,G,2.0,Enchantment,0.6,1.1160982459548872
Hellrider,108,64,21,R,4.0,Creature,0.627906976744186,1.1115724238085216
Lightning Bolt,194,139,42,R,1.0,Instant,0.5825825825825826,1.1114324894591434
Fiery Confluence,176,123,40,R,4.0,Sorcery,0.5886287625418061,1.1051372015002594
Shelldock Isle,190,171,48,U,0.0,Land,0.5263157894736842,1.1019922184338697
Underground Sea,167,161,45,BU,0.0,Land,0.5091463414634146,1.1014431416308885
Figure of Destiny,118,70,25,RW,1.0,Creature,0.6276595744680851,1.0994864269992664
Avacyn's Pilgrim,160,103,34,GW,1.0,Creature,0.6083650190114068,1.0972415911953763
Smuggler's Copter,172,109,37,,2.0,Artifact,0.6120996441281139,1.0967401118699027
Hexdrinker,139,85,28,G,1.0,Creature,0.6205357142857143,1.0953431559167515
Search for Azcanta,120,115,31,U,2.0,Enchantment,0.5106382978723404,1.0953288407508632
Council's Judgment,128,103,31,W,3.0,Sorcery,0.5541125541125541,1.0916044580794406
Fetid Pools,164,162,44,BU,0.0,Land,0.5030674846625767,1.0906367764873686
Mind Stone,136,128,33,,2.0,Artifact,0.5151515151515151,1.0892578356817328
"Liliana, the Last Hope",112,108,28,B,3.0,Planeswalker,0.509090909090909,1.088380049392241
Condescend,118,108,30,U,1.0,Instant,0.5221238938053098,1.0873523251375403
Counterspell,152,148,42,U,2.0,Instant,0.5066666666666667,1.0868250441863685
"Isamaru, Hound of Konda",141,90,30,W,1.0,Creature,0.6103896103896104,1.0851602463568035
Bayou,90,74,23,BG,0.0,Land,0.5487804878048781,1.0842070482405448
Primeval Titan,145,102,31,G,6.0,Creature,0.5870445344129555,1.0839229537150237
Mana Confluence,89,70,21,,0.0,Land,0.559748427672956,1.0821142079901087
Joraga Treespeaker,167,108,35,G,1.0,Creature,0.6072727272727273,1.0820553651770979
Watcher for Tomorrow,88,87,23,U,2.0,Creature,0.5028571428571429,1.080717253420604
True-Name Nemesis,150,139,38,U,3.0,Creature,0.5190311418685121,1.0800685625223847
Karn Liberated,127,110,33,,7.0,Planeswalker,0.5358649789029536,1.0796229534391295
"Venser, Shaper Savant",97,93,24,U,4.0,Creature,0.5105263157894737,1.078869352593253
Kolaghan's Command,94,85,24,BR,3.0,Instant,0.5251396648044693,1.0784299161739364
Fauna Shaman,144,100,31,G,2.0,Creature,0.5901639344262295,1.0773724439314272
Fyndhorn Elves,184,121,38,G,1.0,Creature,0.6032786885245902,1.0756913963183052
Jackal Pup,127,80,26,R,1.0,Creature,0.6135265700483091,1.0747293020156587
Vendilion Clique,140,132,35,U,3.0,Creature,0.5147058823529411,1.074363198304649
Demonic Tutor,145,145,40,B,2.0,Sorcery,0.5,1.0736681647363628
Fractured Identity,147,141,35,UW,5.0,Sorcery,0.5104166666666666,1.072930607359175
Wolfbriar Elemental,94,62,21,G,4.0,Creature,0.6025641025641025,1.0728106743234551
Woodfall Primus,115,85,24,G,8.0,Creature,0.575,1.0726740971784272
"Chandra, Torch of Defiance",135,116,34,R,4.0,Planeswalker,0.5378486055776892,1.0706342164287284
Sneak Attack,134,119,33,R,4.0,Enchantment,0.5296442687747036,1.070145938925337
Carnage Tyrant,96,62,21,G,6.0,Creature,0.6075949367088608,1.0694468397007046
Badlands,144,127,35,BR,0.0,Land,0.5313653136531366,1.0686022258698735
Prismatic Vista,86,79,23,,0.0,Land,0.5212121212121212,1.068301546598077
Scalding Tarn,190,184,51,,0.0,Land,0.5080213903743316,1.068113773026431
Mishra's Factory,104,74,24,,0.0,Land,0.5842696629213483,1.0679661098493403
Animate Dead,91,99,26,B,2.0,Enchantment,0.4789473684210526,1.0674709012851558
Treachery,168,160,43,U,5.0,Enchantment,0.5121951219512195,1.0669017583545135
Paradise Druid,135,91,29,G,2.0,Creature,0.5973451327433629,1.0644255331161616
Waterlogged Grove,99,70,22,GU,0.0,Land,0.5857988165680473,1.0639549800711072
Consecrated Sphinx,148,148,41,U,6.0,Creature,0.5,1.0627916316103734
Phantasmal Image,93,88,23,U,2.0,Creature,0.5138121546961326,1.0616977347041232
Plains,1871,1565,452,W,0.0,Land,0.5445285215366705,1.0599252009152298
Celestial Colonnade,111,111,31,UW,0.0,Land,0.5,1.0591860933887969
Firebolt,112,80,25,R,1.0,Sorcery,0.5833333333333334,1.058646102133099
Noble Hierarch,177,123,39,GUW,1.0,Creature,0.59,1.0585998984734055
Dark Confidant,100,88,25,B,2.0,Creature,0.5319148936170213,1.0583173780218424
Path to Exile,170,151,42,W,1.0,Instant,0.5295950155763239,1.0573480317478736
Wheel of Fortune,109,91,24,R,3.0,Sorcery,0.545,1.056625319491452
Talisman of Dominance,98,101,25,BU,2.0,Artifact,0.49246231155778897,1.0562755563642254
Tundra,115,117,34,UW,0.0,Land,0.4956896551724138,1.053442320445706
Kitesail Freebooter,104,93,24,B,2.0,Creature,0.5279187817258884,1.0533541854012398
"Kari Zev, Skyship Raider",148,99,31,R,2.0,Creature,0.5991902834008097,1.0496160826469352
Horizon Canopy,106,83,25,GW,0.0,Land,0.5608465608465608,1.0490295401731002
Irrigated Farmland,116,119,32,UW,0.0,Land,0.49361702127659574,1.0483772326908825
"Elspeth, Knight-Errant",123,107,30,W,4.0,Planeswalker,0.5347826086956522,1.0481309194439934
Sulfurous Springs,82,77,22,BR,0.0,Land,0.5157232704402516,1.0479466181718544
Sword of Fire and Ice,93,75,22,,3.0,Artifact,0.5535714285714286,1.0474412839182967
Rishadan Port,103,72,23,,0.0,Land,0.5885714285714285,1.0473255348966544
Arid Mesa,168,149,42,,0.0,Land,0.5299684542586751,1.0466244935511673
Will Kenrith,104,103,26,U,6.0,Planeswalker,0.5024154589371981,1.0416613575689722
Mountain,2000,1549,441,R,0.0,Land,0.5635390250774867,1.041382269993181
Gaea's Cradle,202,140,42,G,0.0,Land,0.5906432748538012,1.0411839854619909
Strip Mine,194,140,43,,0.0,Land,0.5808383233532934,1.0403047127085987
Mox Diamond,197,175,49,,0.0,Artifact,0.5295698924731183,1.0393335418923535
"Jace, Vryn's Prodigy",174,185,50,U,2.0,Creature,0.48467966573816157,1.0392319751604622
Remand,115,116,30,U,2.0,Instant,0.49783549783549785,1.038874706336896
Azorius Signet,144,150,40,UW,2.0,Artifact,0.4897959183673469,1.037585789791098
Arbor Elf,167,125,36,G,1.0,Creature,0.571917808219178,1.0373337388941126
Godless Shrine,103,96,25,BW,0.0,Land,0.5175879396984925,1.0371374253038694
Entomb,88,101,26,B,1.0,Instant,0.4656084656084656,1.0369687655233903
Griselbrand,92,102,27,B,8.0,Creature,0.4742268041237113,1.0334553832000326
"Gideon, Ally of Zendikar",149,142,38,W,4.0,Planeswalker,0.5120274914089347,1.0326494018149959
Incinerate,137,101,32,R,2.0,Instant,0.5756302521008403,1.032039080403969
Garruk Relentless,147,118,33,BG,4.0,Planeswalker,0.5547169811320755,1.0318198327694128
Mana Drain,150,160,41,U,2.0,Instant,0.4838709677419355,1.0307191307511698
Swords to Plowshares,146,140,39,W,1.0,Instant,0.5104895104895105,1.030278710573133
Snow-Covered Forest,2069,1547,485,G,0.0,Land,0.572179203539823,1.029657666893183
Lingering Souls,81,80,21,BW,3.0,Sorcery,0.5031055900621118,1.0295774284404662
Biogenic Ooze,164,124,36,G,5.0,Creature,0.5694444444444444,1.029415950249417
Dismember,154,132,39,B,3.0,Instant,0.5384615384615384,1.0290183475536587
Skullclamp,167,124,37,,1.0,Artifact,0.5738831615120275,1.027667999490722
Chain Lightning,170,138,38,R,1.0,Sorcery,0.551948051948052,1.0265916846047933
Garruk Wildspeaker,172,132,37,G,4.0,Planeswalker,0.5657894736842105,1.0249541599081824
Recurring Nightmare,83,91,22,B,3.0,Enchantment,0.47701149425287354,1.0243713593704846
"Ashiok, Nightmare Weaver",127,144,34,BU,3.0,Planeswalker,0.46863468634686345,1.0224468456212987
Sundering Titan,94,100,24,,8.0,Creature,0.4845360824742268,1.020769562535424
Mind Twist,171,171,44,B,1.0,Sorcery,0.5,1.0205439897998214
"Chandra, Flamecaller",82,84,21,R,6.0,Planeswalker,0.4939759036144578,1.020060064576422
Ponder,181,191,52,U,1.0,Sorcery,0.48655913978494625,1.019414300827459
Wild Growth,133,103,30,G,1.0,Enchantment,0.5635593220338984,1.0189180751131364
Island,1961,2087,549,U,0.0,Land,0.48443675889328064,1.0188498208532621
Worn Powerstone,136,143,35,,3.0,Artifact,0.4874551971326165,1.0182173341643734
Selfless Spirit,86,67,21,W,2.0,Creature,0.5620915032679739,1.016600324610014
"Garruk, Primal Hunter",97,73,22,G,5.0,Planeswalker,0.5705882352941176,1.0161064623286082
Marsh Flats,112,109,32,,0.0,Land,0.5067873303167421,1.0154701074215324
Grim Monolith,153,155,40,,2.0,Artifact,0.4967532467532468,1.015379786889257
Craterhoof Behemoth,178,133,38,G,8.0,Creature,0.572347266881029,1.0143294093115884
Natural Order,156,121,33,G,4.0,Sorcery,0.5631768953068592,1.0130901336568365
Zurgo Bellstriker,144,105,31,R,1.0,Creature,0.5783132530120482,1.013045284586622
Hostage Taker,74,86,21,BU,4.0,Creature,0.4625,1.012750049254022
Thragtusk,94,82,22,G,5.0,Creature,0.5340909090909091,1.0114705362331196
Stormblood Berserker,112,82,24,R,2.0,Creature,0.5773195876288659,1.0113046569498756
Breeding Pool,153,123,36,GU,0.0,Land,0.5543478260869565,1.0111266325149464
Skymarcher Aspirant,101,74,24,W,1.0,Creature,0.5771428571428572,1.0109950738916258
Inferno Titan,101,104,27,R,6.0,Creature,0.4926829268292683,1.0099817899314703
Rakdos Cackler,141,104,30,BR,1.0,Creature,0.5755102040816327,1.0081351161154115
Everflowing Chalice,120,128,35,,0.0,Artifact,0.4838709677419355,1.006644646863178
Forest,1688,1423,362,G,0.0,Land,0.5425908068145291,1.0062701251541022
Izzet Signet,131,145,35,RU,2.0,Artifact,0.4746376811594203,1.0060719651160202
Coldsteel Heart,153,166,42,,2.0,Artifact,0.47962382445141066,1.0060091726413314
Sulfuric Vortex,159,118,36,R,3.0,Enchantment,0.5740072202166066,1.0055023030001242
"Jace, the Mind Sculptor",156,169,44,U,4.0,Planeswalker,0.48,1.0054506361728974
Mana Leak,152,167,42,U,2.0,Instant,0.47648902821316613,1.0044564910577267
Tropical Island,161,136,38,GU,0.0,Land,0.5420875420875421,1.0034848744802516
Compulsive Research,118,124,31,U,3.0,Sorcery,0.48760330578512395,1.002638083904188
Myr Battlesphere,97,100,27,,7.0,Creature,0.49238578680203043,1.0024985215912667
Dryad Militant,103,77,23,GW,1.0,Creature,0.5722222222222222,1.002375478927203
Llanowar Elves,153,125,35,G,1.0,Creature,0.5503597122302158,1.001678557596199
Scrubland,98,104,29,BW,0.0,Land,0.48514851485148514,1.001165547491476
Windswept Heath,161,150,42,,0.0,Land,0.5176848874598071,1.0010146131186597
Mystic Confluence,143,158,39,U,5.0,Instant,0.4750830564784053,1.0001654802527034
Hallowed Fountain,125,140,36,UW,0.0,Land,0.4716981132075472,1.0000789328171733
Hydroid Krasis,109,86,26,GU,2.0,Creature,0.558974358974359,0.9996513847358265
Utopia Sprawl,120,97,27,G,1.0,Enchantment,0.5529953917050692,0.9989247135075185
"Rofellos, Llanowar Emissary",141,110,30,G,2.0,Creature,0.5617529880478087,0.9987765030106279
Snapcaster Mage,131,150,39,U,2.0,Creature,0.46619217081850534,0.9963601094005154
Snow-Covered Island,2735,2961,764,U,0.0,Land,0.4801615168539326,0.9953445812691146
Sakura-Tribe Elder,125,101,27,G,2.0,Creature,0.5530973451327433,0.9949282903663302
Opposition,131,108,31,U,4.0,Enchantment,0.5481171548117155,0.9949123513217291
Falkenrath Gorger,117,89,26,R,1.0,Creature,0.5679611650485437,0.9949112822229662
Blightsteel Colossus,101,107,27,,12.0,Creature,0.4855769230769231,0.9948985025591327
"Kytheon, Hero of Akros",136,107,32,W,1.0,Creature,0.5596707818930041,0.9940661144715952
Polluted Delta,169,184,45,,0.0,Land,0.47875354107648727,0.9935923930812474
"Emrakul, the Promised End",75,79,21,,13.0,Creature,0.487012987012987,0.9934987126091607
Chrome Mox,164,147,43,,0.0,Artifact,0.5273311897106109,0.9934915025284188
Hanweir Garrison,98,82,22,R,3.0,Creature,0.5444444444444444,0.9934815774212586
Fiery Islet,104,109,29,RU,0.0,Land,0.48826291079812206,0.99247723953182
Dack Fayden,125,145,35,RU,3.0,Planeswalker,0.46296296296296297,0.9924204892924582
Abrade,118,107,27,R,2.0,Instant,0.5244444444444445,0.9920331779502893
Umezawa's Jitte,153,130,37,,2.0,Artifact,0.5406360424028268,0.9910329064565112
Dance of the Dead,84,106,27,B,2.0,Enchantment,0.4421052631578947,0.9909165691509727
Vivien Reid,123,101,28,G,5.0,Planeswalker,0.5491071428571429,0.9909072377364677
Mutavault,96,75,21,,0.0,Land,0.5614035087719298,0.9907816365062623
Taiga,82,78,23,GR,0.0,Land,0.5125,0.9906353604377062
Phyrexian Metamorph,128,132,35,U,4.0,Creature,0.49230769230769234,0.9905668361259818
Lumbering Falls,101,83,24,GU,0.0,Land,0.5489130434782609,0.9884650419529287
Elvish Mystic,161,134,38,G,1.0,Creature,0.5457627118644067,0.9883345133811067
Glen Elendra Archmage,133,156,39,U,4.0,Creature,0.4602076124567474,0.9880694426339663
Hymn to Tourach,121,134,35,B,2.0,Sorcery,0.4745098039215686,0.9854349272859632
The Scarab God,110,134,33,BU,5.0,Creature,0.45081967213114754,0.9845367906174717
"Teferi, Hero of Dominaria",105,123,30,UW,5.0,Planeswalker,0.4605263157894737,0.9819670873345948
Snow-Covered Mountain,2036,1905,507,R,0.0,Land,0.5166201471707689,0.9819345058432438
"Nissa, Vital Force",100,90,23,G,5.0,Planeswalker,0.5263157894736842,0.9810646723707735
Stoneforge Mystic,129,116,32,W,2.0,Creature,0.5265306122448979,0.9801883707205694
Jace Beleren,69,82,21,U,3.0,Planeswalker,0.45695364238410596,0.9799925321758709
Misty Rainforest,157,156,44,,0.0,Land,0.5015974440894568,0.9796090791919304
Wasteland,108,91,27,,0.0,Land,0.542713567839196,0.9792632100416471
Dig Through Time,145,165,42,U,8.0,Instant,0.46774193548387094,0.9791427065190879
Thran Dynamo,101,111,28,,4.0,Artifact,0.47641509433962265,0.9784659706908826
Adanto Vanguard,106,84,24,W,2.0,Creature,0.5578947368421052,0.9772776769509981
Green Sun's Zenith,139,116,30,G,1.0,Sorcery,0.5450980392156862,0.9767159028123145
Dauntless Bodyguard,112,91,25,W,1.0,Creature,0.5517241379310345,0.9750545491173808
Snow-Covered Swamp,1278,1443,368,B,0.0,Land,0.4696802646085998,0.9732058055793776
Searing Spear,132,115,32,R,2.0,Instant,0.5344129554655871,0.9712477107661971
Young Pyromancer,96,84,22,R,2.0,Creature,0.5333333333333333,0.9710774186353518
Damnation,84,105,26,B,4.0,Sorcery,0.4444444444444444,0.9702708465189562
Bribery,139,161,37,U,5.0,Sorcery,0.4633333333333333,0.9700206410935469
Flooded Strand,133,146,40,,0.0,Land,0.4767025089605735,0.9692286895440989
Courser of Kruphix,121,101,27,G,3.0,Creature,0.545045045045045,0.968721749405521
Bloodstained Mire,144,152,39,,0.0,Land,0.4864864864864865,0.9684007901212417
"Tezzeret, Artifice Master",83,100,24,U,5.0,Planeswalker,0.453551912568306,0.968239736291557
"Thalia, Heretic Cathar",114,107,29,W,3.0,Creature,0.5158371040723982,0.968206533639572
"Emrakul, the Aeons Torn",109,115,29,,15.0,Creature,0.48660714285714285,0.96810148319759
Goblin Guide,132,107,30,R,1.0,Creature,0.5523012552301255,0.9674794401962197
Thirst for Knowledge,126,150,36,U,3.0,Instant,0.45652173913043476,0.9667247734768372
Lotus Cobra,131,129,32,G,2.0,Creature,0.5038461538461538,0.966026431646501
Steam Vents,112,132,32,RU,0.0,Land,0.45901639344262296,0.9658829474094045
Birds of Paradise,201,169,45,G,1.0,Creature,0.5432432432432432,0.9655683261703227
Mother of Runes,121,105,31,W,1.0,Creature,0.5353982300884956,0.9652895891890787
Thoughtseize,139,156,38,B,1.0,Sorcery,0.4711864406779661,0.9644064579583811
Sylvan Caryatid,117,105,28,G,2.0,Creature,0.527027027027027,0.9632938677329669
Ancient Tomb,148,165,41,,0.0,Land,0.4728434504792332,0.9631223298751197
Fact or Fiction,142,165,40,U,4.0,Instant,0.46254071661237783,0.9620057558656302
Kodama's Reach,102,100,27,G,3.0,Sorcery,0.504950495049505,0.9614159453393816
Hedron Archive,103,119,29,,4.0,Artifact,0.46396396396396394,0.9611114034635434
Duress,121,142,32,B,1.0,Sorcery,0.4600760456273764,0.9601547421123636
Blast from the Past,119,117,30,R,3.0,Instant,0.5042372881355932,0.9600006316146953
Doom Blade,91,105,28,B,2.0,Instant,0.4642857142857143,0.9598139670374588
Shriekmaw,96,119,27,B,5.0,Creature,0.44651162790697674,0.9595930090496193
Go for the Throat,80,92,24,B,2.0,Instant,0.46511627906976744,0.9584035217237645
Firedrinker Satyr,118,98,29,R,1.0,Creature,0.5462962962962963,0.9569604086845465
Pack Rat,126,150,34,B,2.0,Creature,0.45652173913043476,0.9563856899329518
Palace Jailer,136,144,35,W,4.0,Creature,0.4857142857142857,0.9559119698242108
Talisman of Progress,72,90,21,UW,2.0,Artifact,0.4444444444444444,0.9556415921721934
Reclamation Sage,95,80,22,G,3.0,Creature,0.5428571428571428,0.9552914266870253
Creeping Tar Pit,129,164,38,BU,0.0,Land,0.4402730375426621,0.9549152953423911
Solemn Simulacrum,135,154,38,,4.0,Creature,0.4671280276816609,0.9539717080349186
Unexpectedly Absent,107,120,28,W,2.0,Instant,0.4713656387665198,0.9528669282793902
Phyrexian Revoker,79,80,21,,2.0,Creature,0.4968553459119497,0.9527927409823811
"Thalia, Guardian of Thraben",129,112,30,W,2.0,Creature,0.5352697095435685,0.9516109055409313
"Ugin, the Spirit Dragon",150,177,41,,8.0,Planeswalker,0.45871559633027525,0.9511313441264374
Swamp,1471,1753,418,B,0.0,Land,0.45626550868486354,0.9502479255671147
Sower of Temptation,71,87,21,U,4.0,Creature,0.44936708860759494,0.9502376156700888
Tinker,108,130,31,U,3.0,Sorcery,0.453781512605042,0.9499660442563252
Bonesplitter,95,82,24,,1.0,Artifact,0.536723163841808,0.9488947793699644
Snow-Covered Plains,1720,1820,464,W,0.0,Land,0.4858757062146893,0.9472383116814234
Grave Titan,122,158,37,B,6.0,Creature,0.4357142857142857,0.9470346109801602
"Saheeli, Sublime Artificer",91,114,27,RU,3.0,Planeswalker,0.44390243902439025,0.9462167571767293
Serum Visions,85,105,26,U,1.0,Sorcery,0.4473684210526316,0.9462112062502444
Monastery Swiftspear,108,92,25,R,1.0,Creature,0.54,0.9459310344827587
Inquisition of Kozilek,76,86,24,B,1.0,Sorcery,0.4691358024691358,0.945778655811454
Ravages of War,86,81,21,W,4.0,Sorcery,0.5149700598802395,0.945384371809548
Wall of Roots,112,103,28,G,2.0,Creature,0.5209302325581395,0.9435733535697479
Chart a Course,125,150,36,U,2.0,Sorcery,0.45454545454545453,0.9414286704096237
Channel,88,88,23,G,2.0,Sorcery,0.5,0.9412036218537494
Porcelain Legionnaire,159,145,40,W,3.0,Creature,0.5230263157894737,0.9410029482494096
Miscalculation,120,148,37,U,2.0,Instant,0.44776119402985076,0.9387616209186088
Mulldrifter,96,120,29,U,5.0,Creature,0.4444444444444444,0.9384426360827165
Preordain,133,163,41,U,1.0,Sorcery,0.44932432432432434,0.9379943914224357
Precinct Captain,81,72,21,W,2.0,Creature,0.5294117647058824,0.9372081220346358
Talisman of Conviction,81,100,24,RW,2.0,Artifact,0.44751381215469616,0.9343903573890926
"Elspeth, Sun's Champion",113,147,34,W,6.0,Planeswalker,0.4346153846153846,0.9338388780870909
"Brimaz, King of Oreskos",87,85,22,W,3.0,Creature,0.5058139534883721,0.932712457896336
Wall of Omens,82,108,26,W,2.0,Creature,0.43157894736842106,0.9311433461141254
Basalt Monolith,120,143,34,,3.0,Artifact,0.45627376425855515,0.9301731384923312
Magma Jet,101,108,26,R,2.0,Instant,0.48325358851674644,0.9265836397931452
Plow Under,92,87,23,G,5.0,Sorcery,0.5139664804469274,0.9265367541864272
Stomping Ground,76,82,23,GR,0.0,Land,0.4810126582278481,0.9262752773218299
Tireless Tracker,141,137,35,G,3.0,Creature,0.5071942446043165,0.9251541941635306
Wooded Foothills,144,148,38,,0.0,Land,0.4931506849315068,0.9249422262523724
Icehide Golem,106,95,26,,1.0,Creature,0.527363184079602,0.9237948190084063
"Saheeli, the Gifted",77,97,22,RU,4.0,Planeswalker,0.4425287356321839,0.9236898095350512
Wurmcoil Engine,128,155,37,,6.0,Creature,0.45229681978798586,0.9234318920140956
Elves of Deep Shadow,115,110,28,BG,1.0,Creature,0.5111111111111111,0.9229178354030326
Verdant Catacombs,133,156,38,,0.0,Land,0.4602076124567474,0.9218611034653089
Arc Trail,105,103,26,R,2.0,Sorcery,0.5048076923076923,0.9214965961838721
Watery Grave,144,193,44,BU,0.0,Land,0.42729970326409494,0.9213630991746702
Blood Crypt,102,123,32,BR,0.0,Land,0.4533333333333333,0.9213186521038632
Acidic Slime,83,87,21,G,5.0,Creature,0.48823529411764705,0.9202033692215718
Vampiric Tutor,122,160,38,B,1.0,Instant,0.4326241134751773,0.920044476207358
"Ulamog, the Ceaseless Hunger",97,127,31,,10.0,Creature,0.4330357142857143,0.9196183052885321
Silent Clearing,81,88,23,BW,0.0,Land,0.47928994082840237,0.9189731686347532
Monastery Mentor,92,114,29,W,3.0,Creature,0.44660194174757284,0.9176309080378264
Volcanic Island,99,127,30,RU,0.0,Land,0.43805309734513276,0.9175551108034942
Brainstorm,83,111,29,U,1.0,Instant,0.42783505154639173,0.9158258042338079
Talisman of Creativity,73,96,22,RU,2.0,Artifact,0.4319526627218935,0.9124987740917898
Coalition Relic,143,190,45,,3.0,Artifact,0.4294294294294294,0.9006928204771447
Bitterblossom,77,98,24,B,2.0,Enchantment,0.44,0.8972473053052714
"Nissa, Voice of Zendikar",82,83,23,G,3.0,Planeswalker,0.49696969696969695,0.8915077672975031
Goblin Rabblemaster,103,106,28,R,3.0,Creature,0.49282296650717705,0.8913210479319691
Negate,90,117,29,U,2.0,Instant,0.43478260869565216,0.8902149641576218
Liliana of the Veil,102,149,34,B,3.0,Planeswalker,0.4063745019920319,0.8886108725457645
Grafted Wargear,97,96,27,,3.0,Artifact,0.5025906735751295,0.8876375191848472
Talisman of Curiosity,99,128,29,GU,2.0,Artifact,0.43612334801762115,0.8848602305126617
Serra the Benevolent,67,96,22,W,4.0,Planeswalker,0.4110429447852761,0.8788091946014659
On Thin Ice,85,103,25,W,1.0,Enchantment,0.4521276595744681,0.8778625553938197
Toxic Deluge,111,168,38,B,3.0,Sorcery,0.3978494623655914,0.8725305915387133
Eternal Witness,81,91,23,G,3.0,Creature,0.47093023255813954,0.8685601453880389
Baleful Strix,85,136,30,BU,2.0,Creature,0.38461538461538464,0.8479737434622618
City of Brass,78,106,27,,0.0,Land,0.42391304347826086,0.8330151762148897
Gilded Lotus,66,99,23,,5.0,Artifact,0.4,0.8214255413214503
Merfolk Looter,56,96,22,U,2.0,Creature,0.3684210526315789,0.8166555488578424
